text,probability_class_1
j jim whitehead ejw cse ucsc edu writes j you open sourced the new components you developed for this j project so the next person who comes along won t have to j reimplement them right no need all those components already exist either in the java class libraries or from the various java jar collections most of the classes i used came from the jakarta project and apachexml but if it s any consolation my threading of them all together into a newswire server is gpl and available on sourceforge gary lawrence murphy garym teledyn com teledynamics communications inc business advantage through community software url computers are useless they can only give you answers pablo picasso,0.4646305083654268
original message from bitbitch magnesium net people are screaming and shouting over the political figures because they cannot be heard in any other way what are they illiterate mute what s their problem if somebody stops them from posting web pages or printing newsletters or talking on the phone or organizing their own conference then that would be wrong i don t think free speech is a license to speak directly at and be in the physical presence of any particular individual of your choosing especially when that individual is busy doing something else and isn t interested,0.30375726392197805
java for managers vince durasoft who just taught the java class for our group offers a 3 day short course in java for managers details are below if you are interested stinsonforwarded by stinson gibner hou ect on 04 16 2001 12 16 pm siva thiagarajan on 04 16 2001 11 25 50 am please respond to siva thiagarajan to cc subject java for managers hi stinson thanks for meeting with us on thursday we enjoyed talking with you as per our discussion i have attached the course outline of java for managers along with this email after our conversation with you we think this course may be a little bit heavy for your group but we can definetly take it down to concepts level and make it appropria,0.4694451333544757
there is a youtuber name saiman says,0.45744066353052254
underpriced issue with high return on equity the oil and gas advisory now that oil and gas has entered a long term bul market our speciaity in pinpointing the hottest companies of the few remaining undervaiued energy plays has produced soaring returns emerson oi and gas eogi is an energy developer in the us oil belt and in canada s most highiy coveted reservoirs with generating potentia of millions per week breaking news emerson oil and gas inc eogi is pleased to announce that the aiberta energy utiiity board has issued license no o 330206 for the company s we 11 16 24 2 the acadia project the acadia project consists of 15 sections in aiberta in an area that produces natura gas from the viking formation has oi potentia in the bakken zone and g,0.4514879016542015
aight lemme know whats up,0.43701452149672027
hey girl how r u hope u r well me an del r bak again long time no c give me a call sum time from lucyxx,0.6758323668072059
carnegie mellon recruiting good afternoon i have forwarded your email to kristin gandy she is heading up our cmu recruiting effort some contact info 713 345 3214 kristin gandy enron com we are very interested in the comp fin students and would tentatively like to interview them in december probably the week of the 11 th and around the same time that we come to interview the mba s i m uncertain as to the proper path forward could you provide some details regards kevin kindall sallygould on 11 16 2000 03 38 44 pm to kevin kindall enron com cc subject carnegie mellon recruiting kevin jean eisel asked that i connect with you about recruiting comp finance students please contact me with questions you might have about the recruiting process or,0.35674927904241654
cv of rodney greene re quantitative positions vince would you have any interest in this candidate kind regards amyforwarded by amy fitzpatrick lon ect on 21 02 2000 09 34 bryan seyfried 18 02 2000 19 50 to amy fitzpatrick lon ect ect cc subject cv of rodney greene re quantitative positions probably a bit to techy for me but maybe a good fit for vince kaminski in houston research bs amy fitzpatrick 17 02 2000 12 52 to david port corp enron enron david weekes lon ect ect steve w young lon ect ect bryan seyfried lon ect ect cc subject cv of rodney greene re quantitative positions any thoughts on this candidate kind regards amyforwarded by amy fitzpatric,0.44189846726941
i cant able to cos of me he drunk today im really stupid i shouldnt hurt him,0.4814139066659737
k fyi x has a ride early tomorrow morning but hes crashing at our place tonight,0.337449561439414
in a message dated 1635465 1635465 1635465 1635465 1635465 1635465 am jamesr url writes this situation wouldn t have happened in the first place if california didn t have economically insane regulations they created a regulatory climate that facilitated this so yes it is the product of over regulation which is to say if you reduce the argument to absurdity that law causes crime yes i agree that badly written law can make life so frustrating that people have little choice but to subvery it if they want to get anything done this is also true of corporate policies and all other attempts to regulate conduct by rules rules just don t work well when situations are fluid or ambiguous but i don t think that the misbehavior of energy companies in california can properly be called well intentioned l,0.40077694202227643
is your business making money set up to accept credit cards today no obligation consultation no set up fees no application fees all credit types accepted retail rates as low as 1635465 1635465 mail order rates as low as 1635465 1635465 set up your merchant account within 1635465 hours no cancellation fees no money down no reprogramming fees we will beat anybody s deal by 1635465 we make it easy and affordable to start accepting credit cards today 1635465 of our applicants are approved this is not an offer to obtain a credit card us residents only url to unsubscribe please click url,0.4128416813221832
blaming regex,0.41459259010389726
mum ive sent you many many messages since i got here i just want to know that you are actually getting them do enjoy the rest of your day,0.45284038043731456
mera naam hai deepika mujhe party me jana dance karna acha lagta hai kya aap mujhse dosti karoge? dial 5512111 rs2/min,0.3871898863664484
notice join this channel guys all type of free loot and giveaway we provide in this group 100 members join complete then giveway provide wait for this movement dont miss this opportunity üôèüôèüôè join now weekly giveaway provide in this channel,0.3920659555909358
they are painting there face with mask shapeüòï,0.43176839556766045
woa this one was really hard,0.4457695900863232
cool text me when youre parked,0.380316898607886
i sent you the prices and do you mean the ltgt g,0.40299401441208765
summer intern for the research group elizabeth can you please direct me to someone to assist us in making an offer to a young lady we just interviewed we would like to bring her in as a summer intern the same way that we brought in james bradley aimone she will be reporting to stinson gibner and i believe she is available right away i am attaching her resume thanks for your help,0.42688353982809196
yesmum lookin strong,0.3995490512602371
this is the 2nd attempt to contract u you have won this weeks top prize of either ¬£1000 cash or ¬£200 prize just call 09066361921,0.48073578505335096
on mobile i am using nougat,0.44205488240816654
latest draft don attached is my latest effort it entailed fairly drastic restructuring and reorganization of the earlier draft my revision effort has been directed at improving the focus of the paper the new story is the following 1 enron was formed as a regulated gas pipeline company in the mid eighties 2 economic and competitive conditions conspired to force a dramatic reorganization of the company almost immediately the result was the creation of a new unregulated energy trading operation the strategy of the new unit was to capitalize on business opportunities in the deregulation of markets that was occuring at the time mid eighties until now 3 the business model adopted for the new unregulated business was that of a gas bank the analogy to a commercia,0.42033989429744467
i can smell one dark,0.4566204394191165
once upon a time ville wrote ok some more nits alsa xmms doesn t work if i don t have alsa lib devel installed but xmms dies on startup telling me cannot load alsa library url cannot open shared object file no such file or directory url is part of alsa lib devel if i install it the alsa xmms output plugins works fine ok will fix i can t install the xine stuff because xine libs needs libglcore so 1635465 which i can t find anywhere nvidia stuff i have radeon 1635465 argh got bitten again will fix too thanks a lot for pointing these out matthias matthias saou world trade center edificio norte 1635465 planta system and network engineer 1635465 barcelona spain electronic group interactive phone 1635465 1635465 1635465 1635465 1635465 rpm list mailing list rpm list freshrpms net url,0.3318030383757358
fund raising for mit sloan school dear vince please find the following description of the program that i would like to raise additional funding for i will follow up today with a phone call to answer any questions you may have as always we appreciate your time and support thanks jozef the eastern european students at mit sloan school of management are preparing an eastern european week to be held in march 2001 the one week long program will familiarize our classmates with many of the countries that are going through the post communist transformation as you well know eastern europe has a great deal of opportunities for many companies unfortunately it also presents many obstacles that make most of the opportunities difficult to capture because we believe that we can,0.4559107729670523
i wana tok to u i wana tok to u! i wana tok to u!!! n i hv a tiny problem also vich u hv to help me out wid plus i wana tok to u n i wana b wid u sit next to u hug u eat wid u watch movies wid u fall asleep wid u u kno i thot il go mad by d end of dis msg bt i didnt! : wana b wid u n tok to u!! :p :,0.42969414524672606
congratulations you did again i just read about your most recent accomplishment congratulations on your promotion go vince go vince go vince sending warmest regards trang,0.4338437237567967
people who rech with world cup top up got free locrr min basis highest batsman score to know world cup offer only for u sms wc to 56789toll free reliance,0.40885170771429585
failure notice hi this is the qmail send program at mail globalhosting com i m afraid i wasn t able to deliver your message to the following addresses this is a permanent error i ve given up sorry it didn t work out sorry no mailbox here by that name vpopmail 5 1 1 enclosed are the original headers of the message content type message rfc 822 return path received qmail 93914 invoked by uid 399 19 jul 2005 11 18 55 0000 received from unknown helo ml dnsix com 63 251 171 164 by mail globalhosting com with smtp 19 jul 2005 11 18 55 0000 received from 61 106 118 27 helo mailwisconsin com by ml dnsix com with smtp exim 4 44 id ldupnn 0002 ud uo for distltmich compusep com tue 19 jul 2005 03 58 20 0700 re,0.44306556064028985
i need your last years dbms b tree assignment,0.3756392898729328
i accidentally brought em home in the box,0.35505707135113274
presenting a wide range of applications just for your phone sms appstore to 111 and download your fav application surfing charges 10p/10kb apply,0.4130752371857057
own a plot in noida y exp last 2 day price revising just invest rs 1 5 lac rest in instalment 18 mnths loan available hurry call96501981519650198251,0.4577247922507759
nlimited internet surfing 200 mb tak poore 3 din ke liye sirf rs18 mein! dial karein 56713 ya rs18 se recharge karein free usage ke baad charge 30p/50kb,0.44274034949266317
playin space poker u,0.4373018974923206
welcome to serious and legit hookup agency sugar mummy fuckmates serious partners sponsers nudes 50bob xxxxvideos 100bob sex video calls 200 pono groups 200 betting sure odds fixed matches 450sh bundles mwitu 100sh for 100gb my videos nikijifinger na kufuck mkundu 100 sex chat 150ksh titan gel 1000ksh titan gel gold 1500ksh nb jokers are ignored and blocked hookup fee of 350 ksh sent to 0795423696 jefftan,0.4033980746443821
ont miss the fantastic offers at the mobilestore this month 2 assured gifts rs 100 off on mobiles hurry! rush today! show mcoupon rpd897348602131 tsc,0.4506207588964446
steve s trip to houston dale richard i am ready to cover the cost of steve s trip to houston one month in the summer i think very highly of steve and think about coaching him a bit to expand his horizons i see him as a very valuable asset of enron and a great leader in not too distant future he needs exposure to more diverse business problems and areas of research i think it will be in the best interest of the company to devote some resources to foster his development vince,0.4253432559335411
is fujitsu s series lifebook good,0.4587117744076542
message report from your contact page ytu 855 rkq check the available reports you would like to receive keep on top of the latest news get great special deals now it is complimentary it costs nothing you can quit anytime financial stocks loans mortgage financial news stock market government politics discussions credit cards mortgage refinancing loans health fitness holidays travel online pharmacies discounts specials general health fitness tips secrets alternative medicine health care under booked vacations special travel discounts mature intrests dating general interest adultwebmasters general adultwebmasters unrestricted sites adultwebmasters content buyers cassino s online gamblinng dating services personal ads send me 10 uncenso,0.4034015369675229
you want to submit your website to search engines but do not know how to do it submitting your website in search engines may increase your online sales dramatically if you invested time and money into your website you simply must submit your website oniine otherwise it wili be invisibie virtualiy which means efforts spent in vain lf you want people to know about your website and boost your revenues the only way to do that is to make your site visible in places where people search for information i e submit your website in muitipie search engines submit your website oniine and watch visitors stream to your e business best reqards ashleesimon not interested,0.44705730968487895
rac organization changes the continued growth of the enron europe office and related businesses has prompted a change in the management of risk assessment and control rac in london effective in early january 2001 ted murphy will transfer to the london office and manage the rac activities which includes credit market risk and underwriting ted will continue to manage the enron global market risk activities steve young currently managing rac in london will begin a new assignment within ebs also in london the houston market risk group will be managed by david port as enron continues to expand its trading and risk management businesses it is vital that trading and credit policies are administered in a consistent and accurate manner across the company hopefully this rea,0.4626091867933065
r v r f i i c u c j c i url i c n1635465 1635465 i b d i f g to unsubscribe send mail to majordomo url with unsubscribe freebsd questions in the body of the message,0.4193008926156368
risk book translation dear professor kaminski thanks for spending your very valuable time to take trouble to arrange our contact with the risk staffs i will appreciate very much masayuki fujita,0.49671111607191354
possible rtp conference dear professor huntington thursday 10 a m works for me please let me know where i can meet you i am attaching my itinerary so that you can contact me if necessary my cell phone number is 713 410 5396 vince kaminski,0.44117018635373056
wot u up 2 u weirdo,0.4505104698565395
dolores please register me for a session on 9 29 2000 at 12 45 vince kaminski celeste roberts 08 29 2000 06 21 pm to celeste roberts hou ect ect cc bcc vince j kaminski hou ect subject urgent the associate and analyst recruiting department will be conducting a number of two hour workshops to review our recruiting and interview process for the fall on campus recruiting effort critical information regarding our on campus interview process revised evaluation forms and program structure will be reviewed during these two hours sessions it is mandatory that all team members attend these workshops all team members must attend in order to articulate and demonstrate the enron recruiting process knowing how busy schedules are we have made arrangements to p,0.4210591862471728
also i didnt state that creating a user is a primary action mind you its a data validation function to ensure it doesnt break because someone doesnt have a user also if the user says no and somehow he dont have he can choose the root to setup on,0.41957229242912986
follow up eric mandeep chahal ainsley gaddis sofya tamarchenko elena chilkina james aimone should not count m chahal was transferred to the new company the rest are summer interns gone back to school or part time high school or college kids i shall walk around and remind the rest of the crowd about the deadline vince eric thode enron 08 25 2000 02 31 pm to vince j kaminski hou ect ect cc subject follow up vince we have been working the last few days to get ena s united way participation rate up as high as possible i called earlier about your cost center because the following 16 employees were listed in power trading but i believe are part of the research organization if you have a chance could you encourage them to log onto http unit,0.45742468810638687
viagra online now levitra is in the class of oral impotence medication like viagra whatever you are be a good one advice is a dangerous gift even from the wise to the wise men in however high a station ought to fear the humble,0.40342079880810044
xdegrees was at the webdav interoperability testing event last year so there may be some dav under the hood there someplace jim original message from fork admin url mailto fork admin url on behalf of gordon mohr sent wednesday september 1635465 1635465 1635465 1635465 am to fork url subject re microsoft buys xdegress more of a p1635465p distributed data thing mr fork writes files can be cached on multiple systems randomly scattered around the internet as with napster or freenet in fact the caching in xdegrees is more sophisticated than it is on those systems users with high bandwidth connections can download portions or stripes of a file from several cached locations simultaneously the xdegrees software then reassembles these stripes into the whole file and uses digital signatures to verif,0.43699124199716505
any med for your girl to be happy your girl is unsatisfied with your potency don t wait until she finds another men click here to choose from a great variety of llcensed love t bs best pri es fast shippinq and guaranteed effect here you buy it riqht from warehouse the store is verified by bbb and approved by vlsa,0.4478284936678492
but i have to i like to have love and arrange,0.42371446449728795
contacting iris mack vince iris mack finally returned my call her message said she had been in california on a job interview and it looks like she may take the position i will contact her to get the details and confirm if she is off the market toni graham staffing consultantforwarded by toni graham corp enron on 07 06 2000 09 28 pm enron north america corp from teresa bien 06 22 2000 01 51 pm to toni graham corp enron enron cc subject re 10 greetings from london to enron fyi can you look in to this for him forwarded by teresa bien corp enron on 06 22 2000 01 49 pm vince j kaminski ect 06 16 2000 10 14 am to teresa bien corp enron en,0.41356274326089093
term paper dr kaminski attached please find a copy of our term paper advise if you experience problems opening the attachment best regards ken jett combo 2 1 v 2 doc,0.29696524587588047
for me the love should start with attractioni should feel that i need her every time around meshe should be the first thing which comes in my thoughtsi would start the day and end it with hershe should be there every time i dreamlove will be then when my every breath has her namemy life should happen around hermy life will be named to heri would cry for herwill give all my happiness and take all her sorrowsi will be ready to fight with anyone for heri will be in love when i will be doing the craziest things for herlove will be when i dont have to proove anyone that my girl is the most beautiful lady on the whole planeti will always be singing praises for herlove will be when i start up making chicken curry and end up makiing sambarlife will be the most beautiful thenwill get every morning,0.4215149380185786
no need for the drug anymore,0.407372655081185
vmi agreements ravi maybe stinson can get on this conference call i shall be at the office on thursday only this week vince ravi thuraisingham enron communications on 02 20 2000 01 13 06 am to vince kaminski mark holsworth corp enron enron cc laura beneville kristy carnes enron communications enron communications kristy carnes enron communications enron communications subject vmi agreements hi vince mark holsworth reviewed our contract on such a short notice i thank mark for responding to our short notice request it turns out that we need to get this database to move forward on a number of things and have legal save some time for us is an excellent help as mentioned below it appears that pennwell s folks want to chat some more about this mark,0.45147283614615746
you have registered sinco as payee log in at icicibankcom and enter urn ltgt to confirm beware of frauds do not share or disclose urn to anyone,0.4769766255073317
yes we were outside for like 2 hours and i called my whole family to wake them up cause it started at 1 am,0.28457698122227026
i wanted to hv juice sumtym bck bt der wasnt any at home so i ws considering opening one of d big soft drink bottles i also told d maid abt ur idea to get it exchanged she ws also interested in it den dad came home i started telling him hw i ws toking to u tht dez big bottles wer gng unused n wot u sed i cud do first of all he cut me short three tyms wen i tried to tell him wot u sed n on d third tym he sed sumthing tht pisd me off so mch tht i stop toking to him tht instant poured myself sum spri,0.42953492664148296
reminder you have not downloaded the content you have already paid for goto httpdoit mymoby tv to collect your content,0.3536195223465411
well the book was obviously wrong,0.23467255867749479
flight molly it s ok even if the answer is ex post vince enron north america corp from molly magee 10 19 2000 08 45 am to vince j kaminski hou ect ect cc shirley crenshaw hou ect ect subject flight vince would this be okay with you mollyforwarded by molly magee hou ect on 10 19 2000 08 44 am enron capital trade resources corp from jlew kent edu 10 18 2000 07 30 pm to molly magee enron com cc jlew kent edu subject flight dear molly i asked about change of the departure city they said i should send my ticket back to get a new ticket since aquila provides the ticket it s hard for me to change the departing place if possible can i ask you to arrange the one way flight from,0.41851970100769115
u are subscribed to the best mobile content service in the uk for ¬£3 per ten days until you send stop to 83435 helpline 08706091795,0.31236814019278936
are u awake is there snow there,0.30942012727660506
mustardandmeth married aahe,0.4253753287554143
fucking xuppernamex,0.4354237890670896
mit aa lab next meeting amy i think that rick causey wants simply to obtain more information to make a reasonable decision we should cancel the meeting for the time being and let rick obtain clarification of some issues from aa i would agree that aa came up with a rather vague concept of what they want to accomplish vince to vince j kaminski hou ect ect cc subject mit aa lab next meeting vince can you shed any light on this i m confused really confused do you think this means the decision to go ahead not is going to be made only by kean buy and koening and do you think this means that we shouldn t meet on thurs personally i think enron really needs to meet on thurs to buckle down and start developing some idea of needs wants with regard to the,0.32466530678338157
the pc market sucks right now so you wont save as much money as you wouldve two years ago itll still be a better value but you need to decided if a little extra money is more important than portability,0.4647309754025265
url url date 1635465 1635465 1635465t1635465 1635465 1635465 1635465 1635465 in 1635465 we in the u s were playing the nintendo entertainment system known as the famicom in japan and roughly a third of the music for its first set of games was written by hirokazu hip tanaka then with nintendo co ltd he has written music for countless other games as well as designing the game boy camera and printer and also scored the soundtrack to the pokemon tv series alexander brandon catches up with the legendary composer,0.1706032408043131
will √º b going to esplanade fr home,0.30940764962710515
failure notice hi this is the qmail send program at hybeammaill inetu net i m afraid i wasn t able to deliver your message to the following addresses this is a permanent error i ve given up sorry it didn t work out sorry no mailbox here by that name vpopmail 5 1 1 below this line is a copy of the message return path received qmail 85396 invoked by uid 85 19 jul 2005 10 58 11 0000 received from projecthoneypot projecthoneypot org by hybeammaill inetu net by uid 82 with qmail scanner 1 16 clamscan 0 60 spamassassin 2 55 clear sa 0 0 8 5 0 processed in 4 058862 secs 19 jul 2005 10 58 11 0000 received from unknown helo mailwisconsin com 221 203 100 20 by hybeammaill inetu net with smtp 19 jul 2005 10 58,0.4496804667224275
url url date 1635465 1635465 1635465t1635465 1635465 1635465 1635465 1635465 as noted in the inluminent weblog there don t seem to be many bloggers at osxcon at least they re not blogging that s rather disappointing they were strong at oscon and the emerging technologies conference damn i wish i had the foresight,0.1781756700119346
marketing for your espeak session vince thanks for your time earlier this week i m looking forward to your espeak event sarah and i met with our etv contact yesterday and we will be able to put a bulleted list on the elevator screens to advertise your espeak please let me know what you would like us to post for you and we will do the rest we also have plans to market specifically to the trader community here at enron so you should get a high participation rate especially from those groups thanks again er,0.4818335455115132
your gonna be the death if me im gonna leave a note that says its all robs fault avenge me,0.4529659220108029
paras tierea fully furnshd service apprtmnt sec137 noida xprsway 15 75 lac al inc on spot allotmnt sms ip to 54999,0.6143902631850839
i wanted to tok abt my academic performance v/s urs nw i dono y m day dreaming abt playing with u on next monday n nw m wishing tht u get evrything done quickly n reach home evn quicker so tht v cn tok :,0.42683820298011793
worldpower mark i have an inquiry from a publishing house who are preparing a book on the world power markets they wanted us to sponsor it at the cost of 19 000 pounds but the reaction from our power desks was lukewarm they are offering us an opportunity to advertise in this publocatio i am attaching the message with the terms vinceforwarded by vince j kaminski hou ect on 01 21 2000 12 28 pm isherwood production on 01 21 2000 06 40 08 pm to vince j kaminski hou ect ect cc subject worldpower dear mr kaminski i have two advertising positions to offer you as follows 1 outside back cover plus 200 personalised books o 6 950 00 2 inside front cover spread plus 200 personalised books o 7 950,0.4584506778154466
hangover animalswho do you think are more wild in the film hangover?1 the animals2 the boys1/2reply within 24 hours to get a trailer of the new film hangover2,0.41403755136250303
ena analysts and associates i shall be attending the bi monthly meetings we always have a significant number of associates rotating through my group and supporting different units of enron vince kaminski enron north america corp from david w delainey 07 26 2000 10 17 am sent by kay chapman to sally beck hou ect ect tim belden hou ect ect raymond bowen hou ect ect christopher f calger pdx ect ect wes colwell hou ect ect janet r dietrich hou ect ect jeff donahue hou ect ect w david duran hou ect ect mark e haedicke hou ect ect gary hickerson hou ect ect mike jakubik hou ect ect scott josey corp enron enron john j lavorato corp enron enron rodney malcolm hou ect ect george mcclellan hou ect ect rob milnthorp,0.4414127204126454
new shows!two big entertainment shows to hit your tv screens this week! choose the option you are more interested in:1 music2 dance1/2reply to get telecast details and show info,0.4363456414363605
use perl daily newsletter in this issue this week on perl1635465 porters 1635465 august 1635465st september 1635465 the perl review v1635465 i1635465 this week on perl1635465 porters 1635465 august 1635465st september 1635465 posted by rafael on monday september 1635465 1635465 1635465 summaries url this week we re back to our regularly scheduled p1635465p report straight from my keyboard s mouth many thanks to elizabeth mattjisen who provided the two previous reports while i was away from p1635465p and from whatever might evocate more or less a computer this story continues at url discuss this story at url the perl review v1635465 i1635465 posted by ziggy on monday september 1635465 1635465 1635465 news url 1635465 briandfoy writes the latest issue of the perl review is ready url extreme,0.4713278966799597
how about obtaining a fully recognized university degree 231175433222211111111 obtain a prosperous future money earning power and the admiration of all degrees from prestigious accredited universities based on your present knowledge and life experience call now to receive your diploma within days 1 425 790 3463 no required tests classes books or interviews bachelors masters mba and doctorate phd diplomas available in the field of your choice no one is turned down confidentiality assured call now to receive your diploma within days 1 425 790 3463 call 24 hours a day 7 days a week including sundays and holidays 231175433222211111111,0.4795029306754122
url url date 1635465 1635465 1635465t1635465 1635465 1635465 1635465 1635465 arizona republic,0.15963604944122253
ee msg na poortiyagi odalebeku hanumanji 7 name 1hanuman 2bajarangabali 3maruti 4pavanaputra 5sankatmochan 6ramaduth 7mahaveer ee 7 name ltgt janarige ivatte kalisidare next saturday olage ondu good news keluviri maretare inde 1 dodda problum nalli siguviri idu matra ltgt true dont neglet,0.4594130888154374
lol i would but my mom would have a fit and tell the whole family how crazy and terrible i am,0.42346537197932804
 ü…™“ì·¥á  ú·¥Äs  ô·¥á·¥á…¥ …¢·¥è…™…¥…¢ ·¥°·¥á ü ü “ì·¥è Ä ·¥ç·¥á ·¥Ä…¥·¥Ö ·¥ç è “ì·¥Ä·¥ç…™ ü è ·¥á·¥†·¥á Ä s…™…¥·¥Ñ·¥á ·¥õ ú…™s  ü·¥è·¥Ñ·¥ã·¥Ö·¥è·¥°…¥ ·¥Ä…¥·¥Ö …™ ·¥ç·¥á·¥õ ·¥õ ú…™s “ì·¥Ä…™·¥õ ú“ì·¥ú ü ·¥Ä…¥·¥Ö ·¥õ Ä·¥ús·¥õ·¥°·¥è Ä·¥õ ú è ·¥ç·¥Ä…¥ ·¥° ú·¥è …¥·¥Ä·¥ç·¥á …™s ·¥ò·¥Ä·¥õ Ä…™·¥Ñ·¥ã  Ä·¥Ä·¥ã·¥ú·¥õ·¥á…¥ ·¥° ú·¥è  ú·¥á ü·¥ò·¥á·¥Ö ·¥ç·¥á ·¥è·¥ú·¥õ  è·¥è·¥ú ·¥Ñ·¥Ä…¥ ·¥Ñ·¥è…¥·¥õ·¥Ä·¥Ñ·¥õ  ú…™·¥ç ·¥°…™·¥õ ú ·¥õ ú…™s  ü…™…¥·¥ã  ô·¥á ü·¥è·¥°  ú·¥á …™s  Ä·¥á·¥Ä ü üëá,0.24631903003215597
check these wonderful reduced prices on our medicines select easy pricing on quality items have you checked the current weekly special already internetpharmacy leads the right remedies for quicker alleviations on severe pain sleeping disorders swelling severe tensions and strain relief http jkm 6 wc icyigloo com 2 v 7 we are quite near relations you know and mr elliot too of the pain he was occasioning there was no triumph no pitiful triumph husband but amid all my happiness i feel that it is arrogant to,0.4688333731640605
ftr team the copy of the auction results that you got at yesterday s meeting is incorrect what happened was when i tried to sort the entire page i only highlighted the related column and expected excel 98 would sort the whole page as steve told me before i should highlight the whole thing if i try to do sorting in excel i appolized for the misleading and have redone the whole thing thanks for the patience wish you all have a great weekend,0.43524531391460775
join our group üçÜüîûüîûüîûüîûüîûüîûüîûüîûüîûüîû,0.33176736388926653
idea please take a look dear mr kaminski thank you for calling briefly about ideaglobal com we ve been providing unbiased market analysis since 1989 and today our customers include the fed the us treasury the imf 25 foreign central banks and over 1 700 dealing rooms worldwide we emphasize sales and trading strategies rather than just provide market news attached please find 2 samples of our daily research today s issue of our morning faxes financial markets today and fixed income today we also have intraday market coverage on bloomberg idea go reuters and bridge telerate if the info looks interesting we would be glad to arrange a 30 day free trial for you for your reference please see our price list i look forward to your reply best regards v,0.4713525864023858
robert harley writes ok then consider a population of 1635465 1635465 1635465 1635465 1635465 men each pair off with 1635465 1635465 women then 1635465 man let s call him wilt also has sex with the other 1635465 1635465 women this has never happened its relevance is nil it was a extreme contrived example because you glosded over the point of the earlier 1635465 person example but ok mr math let it be n men and women for any n 1635465 they all pair off then some number h n h 1635465 of men has sex with all the other n 1635465 women he hasn t yet had sex with pick any n and h that might be interesting any choice of values results in meaningful differences between the sexes promiscuity as commonly understood it should be more obvious with extreme choices of numbers but it is also true for any,0.3800488050480933
ur cashbalance is currently 500 pounds to maximize ur cashin now send collect to 83600 only 150pmsg cc 08718720201 po box 11414 tcrw1,0.43381030416278493
vov gget luxurious rolexes at the greatestprices cut the expenses on all the goods from rolexes cartiers bvlgaries frankmullers harry winstons breguets jaeger lecoultre brietilings tagheuers and tudors they lo 0 k perfect to even the most choosy customerss you will be convinced by their fabulous lo 0 ks waterproof stainlessteelbody sapphire crystal surface and other lovely featuress bring you sheer feeling for luxury our lovvprice is also one key fea ture you should consider every fea ture the prototype has our goods have them as well cchoose the ones that are waterproof with hack mechanism http qbdy ok yoyoforsheerjoy com 3 pe luv durable luxuries choosefrom our ranges madeof stainlesssteel with sapphire crystal surface prefer battery quartz,0.44944817024170974
adres marysi robertlu friko 6 onet pl,0.412603804459729
